구,업종코드,업종이름,검색업종,분석 영역,매출,23.12,24.01,24.02,24.03,24.04,24.05,24.06,24.07,24.08,24.09,24.10,24.11,24.12
금호2동,G21101,가구 소매업,업종 소매 > 가구 소매 > 가구 소매업,서구,매출,"3,878","3,779","4,130","4,046","3,880","3,470","3,501","3,177","3,241","3,256","3,107","3,063","3,018"
금호2동,G20803,가전제품 소매업,업종 소매 > 가전·통신 소매 > 가전제품 소매업,서구,매출,"1,282","1,219","1,664","1,241","1,354","1,413","1,485","1,607","1,378","1,355","1,573","1,379","1,054"
금호2동,G20801,컴퓨터/소프트웨어 소매업,업종 소매 > 가전·통신 소매 > 컴퓨터/소프트웨어 소매업,서구,매출,"1,339","1,349","1,455",923,"1,187","1,103","1,300","1,212","1,151","1,275","1,411","1,260","1,098"
금호2동,G20802,핸드폰 소매업,업종 소매 > 가전·통신 소매 > 핸드폰 소매업,서구,매출,307,310,330,282,221,317,378,368,393,355,340,239,324
금호2동,G22199,그 외 기타 상품 전문 소매업,업종 소매 > 기타 상품 소매 > 그 외 기타 상품 전문 소매업,서구,매출,"2,030","1,966","2,011","2,197","2,242","2,252","2,561","2,381","2,341","2,265","2,451","2,637","2,247"
금호2동,G21203,악기 소매업,업종 소매 > 기타 생활용품 소매 > 악기 소매업,서구,매출,"2,073","2,408","2,823","2,198","1,987","2,270","2,214","2,214","2,325","2,659","2,337","2,184","2,269"
금호2동,G21201,전기용품/조명장치 소매업,업종 소매 > 기타 생활용품 소매 > 전기용품/조명장치 소매업,서구,매출,832,694,731,725,904,904,"1,062",664,868,"1,208","1,027","1,146",976
금호2동,G21202,주방/가정용품 소매업,업종 소매 > 기타 생활용품 소매 > 주방/가정용품 소매업,서구,매출,"1,447","1,458","1,746","1,495","1,527","1,492","1,431","1,481","1,574","1,541","1,442","1,625","1,567"
금호2동,G20701,담배/전자담배 소매업,업종 소매 > 담배 소매 > 담배/전자담배 소매업,서구,매출,"5,213","5,107","5,442","5,411","5,495","5,542","5,068","5,312","5,209","6,480","6,346","6,378","6,656"
금호2동,G20301,모터사이클 및 부품 소매업,업종 소매 > 모터사이클 소매 > 모터사이클 및 부품 소매업,서구,매출,"1,207","1,322","6,377","1,183","3,516","1,811","10,216","8,529","2,093","1,814","2,041","1,452","1,356"
금호2동,G20908,가발 소매업,업종 소매 > 섬유·의복·신발 소매 > 가발 소매업,서구,매출,"1,160","1,174","1,768","1,851","2,064","1,615",783,"1,157","1,406","2,109","2,156","2,384","1,464"
금호2동,G20911,가방 소매업,업종 소매 > 섬유·의복·신발 소매 > 가방 소매업,서구,매출,837,748,834,779,614,601,908,714,599,417,592,567,783
금호2동,G20905,기타 의류 소매업,업종 소매 > 섬유·의복·신발 소매 > 기타 의류 소매업,서구,매출,"2,499","2,373","3,082","3,384","3,380","2,991","2,680","2,136","2,390","3,576","3,472","3,270","2,381"
금호2동,G20901,남성 의류 소매업,업종 소매 > 섬유·의복·신발 소매 > 남성 의류 소매업,서구,매출,"1,496","1,365","1,761","1,931","2,018","1,757","1,393","1,209","1,460","2,010","2,303","2,256","1,608"
금호2동,G20910,신발 소매업,업종 소매 > 섬유·의복·신발 소매 > 신발 소매업,서구,매출,"1,992","1,944","2,009","2,506","2,530","2,437","2,155","1,717","1,830","2,140","2,080","2,142","1,452"
금호2동,G20909,실/섬유제품 소매업,업종 소매 > 섬유·의복·신발 소매 > 실/섬유제품 소매업,서구,매출,549,643,571,521,809,639,681,480,501,507,397,477,419
금호2동,G20907,액세서리/잡화 소매업,업종 소매 > 섬유·의복·신발 소매 > 액세서리/잡화 소매업,서구,매출,791,675,727,781,761,795,796,761,780,816,756,884,767
금호2동,G20902,여성 의류 소매업,업종 소매 > 섬유·의복·신발 소매 > 여성 의류 소매업,분석영역,매출,"8,902","9,954","12,132","12,604","12,320","9,628","9,161","7,700","8,891","12,226","12,690","13,270","9,220"
금호2동,G20903,유아용 의류 소매업,업종 소매 > 섬유·의복·신발 소매 > 유아용 의류 소매업,서구,매출,226,391,402,456,483,380,346,301,355,493,443,413,417
금호2동,G20906,침구류/커튼 소매업,업종 소매 > 섬유·의복·신발 소매 > 침구류/커튼 소매업,금호2동,매출,360,84,208,69,239,257,70,269,614,361,121,364,386
금호2동,G20904,한복 소매업,업종 소매 > 섬유·의복·신발 소매 > 한복 소매업,서구,매출,623,651,479,749,606,660,599,503,550,503,481,467,441
금호2동,G21701,시계/귀금속 소매업,업종 소매 > 시계·귀금속 소매 > 시계/귀금속 소매업,분석영역,매출,541,529,771,870,598,716,626,807,555,573,"1,312",995,478
금호2동,G20502,가축 사료 소매업,업종 소매 > 식료품 소매 > 가축 사료 소매업,서구,매출,"1,818","1,801","1,917","1,808","1,705","1,986","1,185","1,102","1,472",875,"1,191","1,386","1,804"
금호2동,G20508,건강보조식품 소매업,업종 소매 > 식료품 소매 > 건강보조식품 소매업,금호2동,매출,"1,051",266,159,174,160,141,99,86,159,170,30,737,"1,680"
금호2동,G20504,건어물/젓갈 소매업,업종 소매 > 식료품 소매 > 건어물/젓갈 소매업,서구,매출,"1,716","1,754","1,567","1,505","1,544","1,466","1,424","1,603","1,786","1,627","2,046","2,003","1,910"
금호2동,G20501,곡물/곡분 소매업,업종 소매 > 식료품 소매 > 곡물/곡분 소매업,서구,매출,"1,585","2,880","1,707","2,087","2,360","1,810","1,262","1,506","1,157","1,247","1,809","1,418","1,790"
금호2동,G20509,반찬/식료품 소매업,업종 소매 > 식료품 소매 > 반찬/식료품 소매업,금호2동,매출,"1,082","1,150","1,113","1,130","1,111","1,089","1,110","1,589","1,365","1,344","1,206",571,923
금호2동,G20505,수산물 소매업,업종 소매 > 식료품 소매 > 수산물 소매업,서구,매출,"2,956","3,456","2,466","2,605","2,789","2,380","2,334","2,300","2,750","2,386","2,931","2,809","3,445"
금호2동,G20507,아이스크림 할인점,업종 소매 > 식료품 소매 > 아이스크림 할인점,서구,매출,778,715,673,916,928,965,"1,050","1,129",940,686,526,513,445
금호2동,G20503,정육점,업종 소매 > 식료품 소매 > 정육점,금호2동,매출,"6,754","7,002","6,010","6,272","6,603","6,520","6,168","6,061","6,259","6,183","6,556","6,264","6,675"
금호2동,G20506,채소/과일 소매업,업종 소매 > 식료품 소매 > 채소/과일 소매업,분석영역,매출,"8,344","8,155","7,833","8,498","9,326","8,495","8,067","8,616","8,534","7,864","7,611","8,094","9,354"
금호2동,G21901,꽃집,업종 소매 > 식물 소매 > 꽃집,서구,매출,351,297,356,346,417,358,320,279,289,340,371,381,385
금호2동,G21601,사무기기 소매업,업종 소매 > 안경·정밀기기 소매 > 사무기기 소매업,서구,매출,23,"1,162",276,126,624,4,188,152,388,487,783,0,148
금호2동,G21603,사진기/기타 광학기기 소매업,업종 소매 > 안경·정밀기기 소매 > 사진기/기타 광학기기 소매업,서구,매출,"1,926",930,"1,246","1,457","1,789",874,"1,550","1,664",886,900,"2,367","1,702",971
금호2동,G21602,안경렌즈 소매업,업종 소매 > 안경·정밀기기 소매 > 안경렌즈 소매업,분석영역,매출,"3,072","3,121","3,517","3,343","3,324","3,418","3,393","3,369","2,959","3,143","2,920","3,000","3,063"
금호2동,G22001,애완동물/애완용품 소매업,업종 소매 > 애완동물·용품 소매 > 애완동물/애완용품 소매업,서구,매출,902,930,923,967,875,927,978,990,972,997,903,978,"1,013"
금호2동,G21402,가스 충전소,업종 소매 > 연료 소매 > 가스 충전소,서구,매출,"9,350","9,828","10,396","9,929","11,618","10,777","12,542","12,546","12,333","10,798","11,423","12,631","12,464"
금호2동,G21403,가정용 연료 소매업,업종 소매 > 연료 소매 > 가정용 연료 소매업,서구,매출,"3,313","2,614","2,713","1,669","1,333","1,579","1,731","2,120","2,045","2,409","2,572","3,734","3,724"
금호2동,G21401,주유소,업종 소매 > 연료 소매 > 주유소,서구,매출,"51,849","51,586","53,403","52,681","53,223","50,027","53,698","52,552","51,823","47,838","48,170","50,187","50,329"
금호2동,G21302,문구/회화용품 소매업,업종 소매 > 오락용품 소매 > 문구/회화용품 소매업,분석영역,매출,"1,660","1,737","2,114","1,668","1,537","1,456","1,418","1,339","1,265","1,488","1,910","1,800","1,306"
금호2동,G21301,서점,업종 소매 > 오락용품 소매 > 서점,서구,매출,"2,999","2,263","2,949","2,195","1,942","1,655","2,245","2,105","1,866","1,947","1,914","2,570","2,448"
금호2동,G21304,운동용품 소매업,업종 소매 > 오락용품 소매 > 운동용품 소매업,서구,매출,"3,917","4,422","5,348","4,433","4,720","4,644","4,260","4,234","4,655","4,960","4,621","3,963","3,732"
금호2동,G21305,자전거 소매업,업종 소매 > 오락용품 소매 > 자전거 소매업,서구,매출,782,"1,035","1,295","1,486","1,552","1,444","1,061",854,"1,108","1,379",990,731,361
금호2동,G21306,장난감 소매업,업종 소매 > 오락용품 소매 > 장난감 소매업,서구,매출,"1,497","1,501","1,843","2,011","2,164","1,863","1,695","1,748","2,430","2,343","1,838","1,682","1,453"
금호2동,G20603,생수/음료 소매업,업종 소매 > 음료 소매 > 생수/음료 소매업,서구,매출,180,155,260,281,119,335,332,138,159,112,109,157,138
금호2동,G20601,얼음 소매업,업종 소매 > 음료 소매 > 얼음 소매업,서구,매출,0,150,3,5,138,120,0,108,877,111,78,78,10
금호2동,G20602,주류 소매업,업종 소매 > 음료 소매 > 주류 소매업,서구,매출,"63,495","60,339","28,718","65,340","37,310","26,761","36,107","37,654","61,561","32,074","71,365","61,648","74,814"
금호2동,G21501,약국,업종 소매 > 의약·화장품 소매 > 약국,분석영역,매출,"7,942","7,186","7,874","7,371","7,756","7,219","7,667","7,989","7,342","7,815","7,400","8,250","6,039"
금호2동,G21502,의료기기 소매업,업종 소매 > 의약·화장품 소매 > 의료기기 소매업,분석영역,매출,"1,082","1,221","1,059",996,"1,114",821,"1,354","1,315",893,"1,050","1,167","1,471","1,652"
금호2동,G21503,화장품 소매업,업종 소매 > 의약·화장품 소매 > 화장품 소매업,분석영역,매출,638,631,700,702,796,675,596,703,0,0,0,0,0
금호2동,G20202,자동차 부품 소매업,업종 소매 > 자동차 부품 소매 > 자동차 부품 소매업,서구,매출,832,537,671,692,736,851,741,839,718,759,923,699,988
금호2동,G20201,타이어 소매업,업종 소매 > 자동차 부품 소매 > 타이어 소매업,서구,매출,"2,923","3,190","3,688","3,876","2,881","2,243","3,879","4,162","3,080","4,802","5,011","5,152","5,730"
금호2동,G21802,기념품점,업종 소매 > 장식품 소매 > 기념품점,서구,매출,484,470,428,531,479,457,546,448,523,543,481,648,603
금호2동,G21801,예술품 소매업,업종 소매 > 장식품 소매 > 예술품 소매업,서구,매출,305,301,419,342,360,316,503,484,476,512,519,491,444
금호2동,G20499,그 외 기타 종합 소매업,업종 소매 > 종합 소매 > 그 외 기타 종합 소매업,서구,매출,"2,821","2,531","2,588","2,474","2,685","2,757","2,937","2,380","2,263","2,483","2,441","2,309","2,097"
금호2동,G20404,슈퍼마켓,업종 소매 > 종합 소매 > 슈퍼마켓,금호2동,매출,"25,506","24,784","24,466","24,574","24,574","24,442","23,504","23,058","21,790","22,442","21,921","22,822","24,559"
금호2동,G20405,편의점,업종 소매 > 종합 소매 > 편의점,금호2동,매출,"5,743","5,451","5,656","5,937","6,463","6,208","7,111","6,975","6,941","6,781","6,451","6,409","6,358"
금호2동,G22201,중고 상품 소매업,업종 소매 > 중고 상품 소매 > 중고 상품 소매업,서구,매출,708,462,749,726,891,836,848,742,737,677,929,645,704
금호2동,G21003,건설/건축자재 소매업,업종 소매 > 철물·건설자재 소매 > 건설/건축자재 소매업,서구,매출,221,579,"1,007","1,724","1,328",573,954,"2,468",934,"1,694","2,039",625,687
금호2동,G21099,기타 건설/건축자재 소매업,업종 소매 > 철물·건설자재 소매 > 기타 건설/건축자재 소매업,서구,매출,87,213,"1,676",390,214,"2,181",98,"1,085",314,750,545,754,510
금호2동,G21002,벽지/장판/마루 소매업,업종 소매 > 철물·건설자재 소매 > 벽지/장판/마루 소매업,서구,매출,"2,103","2,253","1,889","1,414","1,746","1,069",290,428,425,449,317,291,342
금호2동,G21001,철물/공구 소매업,업종 소매 > 철물·건설자재 소매 > 철물/공구 소매업,분석영역,매출,"1,114",921,975,707,820,685,904,731,527,"1,063",807,818,754
금호2동,I20701,구내식당,업종 음식 > 구내식당·뷔페 > 구내식당,서구,매출,"3,386","2,996","3,435","3,499","3,396","3,295","3,538","3,369","3,664","3,771","3,772","3,674","3,112"
금호2동,I20702,뷔페,업종 음식 > 구내식당·뷔페 > 뷔페,서구,매출,"14,405","15,059","15,672","11,953","15,972","12,347","13,386","14,126","11,657","9,274","11,324","13,196","13,665"
금호2동,I21099,그 외 기타 간이 음식점,업종 음식 > 기타 간이 > 그 외 기타 간이 음식점,분석영역,매출,895,911,872,732,704,742,611,649,629,614,651,619,581
금호2동,I21007,김밥/만두/분식,업종 음식 > 기타 간이 > 김밥/만두/분식,분석영역,매출,"1,823","1,714","1,700","1,620","1,608","1,570","1,520","1,498","1,524","1,539","1,507","1,462","1,398"
금호2동,I21002,떡/한과,업종 음식 > 기타 간이 > 떡/한과,분석영역,매출,"1,866","2,241","1,771","1,769","1,734","1,481","1,455","1,414","2,164","1,688","1,911","2,003","2,560"
금호2동,I21004,버거,업종 음식 > 기타 간이 > 버거,서구,매출,"2,015","2,023","1,918","1,992","1,959","1,886","1,907","2,011","1,907","1,916","1,897","1,869","1,871"
금호2동,I21001,빵/도넛,업종 음식 > 기타 간이 > 빵/도넛,금호2동,매출,"2,024","2,208","2,258","2,466","2,670","3,047","2,885","2,964","2,926","2,861","2,545","2,675","2,784"
금호2동,I21008,아이스크림/빙수,업종 음식 > 기타 간이 > 아이스크림/빙수,서구,매출,"1,663","1,613","1,573","1,553","1,582","1,572","1,627","1,642","1,670","1,515","1,374","1,480","1,501"
금호2동,I21006,치킨,업종 음식 > 기타 간이 > 치킨,금호2동,매출,"1,193","1,216","1,098","1,083","1,070","1,039","1,012","1,043","1,064","1,110","1,093","1,115","1,127"
금호2동,I21005,토스트/샌드위치/샐러드,업종 음식 > 기타 간이 > 토스트/샌드위치/샐러드,분석영역,매출,929,941,926,980,904,906,895,863,911,881,902,789,790
금호2동,I21003,피자,업종 음식 > 기타 간이 > 피자,분석영역,매출,903,972,"1,008",922,900,880,904,823,776,903,922,810,792
금호2동,I20599,기타 동남아식 전문,업종 음식 > 동남아시아 > 기타 동남아식 전문,서구,매출,"3,820","3,821","2,926","2,896","2,133","2,426","2,450","2,757","2,595","2,457","2,654","2,555","2,502"
금호2동,I20501,베트남식 전문,업종 음식 > 동남아시아 > 베트남식 전문,서구,매출,"3,145","2,735","2,514","2,471","2,457","2,374","2,203","2,208","2,328","2,296","2,268","2,409","2,436"
금호2동,I21201,카페,업종 음식 > 비알코올 > 카페,금호2동,매출,"1,062","1,100","1,075","1,078","1,089","1,082","1,052","1,101","1,155","1,159","1,132","1,137","1,185"
금호2동,I20401,경양식,업종 음식 > 서양식 > 경양식,서구,매출,"3,818","3,494","3,373","3,533","3,592","3,425","3,716","3,667","3,851","3,762","3,184","4,028","3,519"
금호2동,I20499,기타 서양식 음식점,업종 음식 > 서양식 > 기타 서양식 음식점,서구,매출,302,287,245,220,227,192,284,252,238,214,190,479,460
금호2동,I20402,파스타/스테이크,업종 음식 > 서양식 > 파스타/스테이크,서구,매출,442,387,390,473,315,381,352,444,414,472,446,454,435
금호2동,I20403,패밀리레스토랑,업종 음식 > 서양식 > 패밀리레스토랑,서구,매출,"23,302","22,857","19,335","16,751","18,981","16,183","19,761","21,270","19,799","18,670","16,965","25,178","24,859"
금호2동,I20399,기타 일식 음식점,업종 음식 > 일식 > 기타 일식 음식점,서구,매출,588,653,847,872,901,875,784,763,760,765,725,759,784
금호2동,I20303,일식 면 요리,업종 음식 > 일식 > 일식 면 요리,서구,매출,"1,907","1,785","1,863","1,832","1,811","1,769","1,765","1,911","1,763","1,763","1,786","1,978","1,932"
금호2동,I20302,일식 카레/돈가스/덮밥,업종 음식 > 일식 > 일식 카레/돈가스/덮밥,서구,매출,"1,913","1,899","1,856","1,880","1,819","1,793","1,864","2,018","2,060","2,099","1,991","1,920","2,259"
금호2동,I20301,일식 회/초밥,업종 음식 > 일식 > 일식 회/초밥,서구,매출,"2,977","2,903","3,059","3,088","3,139","3,148","3,193","3,323","3,191","3,291","3,194","3,303","3,321"
금호2동,I21102,무도 유흥 주점,업종 음식 > 주점 > 무도 유흥 주점,서구,매출,"14,632","12,973","13,026","12,796","13,217","12,985","10,643","10,532","11,336","9,537","7,970","10,076","9,141"
금호2동,I21103,생맥주 전문,업종 음식 > 주점 > 생맥주 전문,분석영역,매출,983,960,965,980,968,939,964,978,"1,000",923,868,950,969
금호2동,I21104,요리 주점,업종 음식 > 주점 > 요리 주점,분석영역,매출,"1,089",990,"1,098","1,112","1,201","1,208","1,179","1,059","1,100","1,155","1,208","1,214","1,055"
금호2동,I21101,일반 유흥 주점,업종 음식 > 주점 > 일반 유흥 주점,서구,매출,"2,184","2,118","2,285","2,221","2,294","2,153","2,191","2,071","2,128","2,310","2,559","2,552","2,335"
금호2동,I20202,마라탕/훠궈,업종 음식 > 중식 > 마라탕/훠궈,서구,매출,"2,070","1,984","1,719","1,837","1,853","1,810","1,939","1,922","1,967","2,053","2,237","2,026","1,998"
금호2동,I20201,중국집,업종 음식 > 중식 > 중국집,서구,매출,"2,942","2,862","2,822","2,841","2,867","2,803","2,797","2,780","2,880","2,927","2,989","3,182","3,363"
금호2동,I20109,곱창 전골/구이,업종 음식 > 한식 > 곱창 전골/구이,서구,매출,"2,898","2,882","3,039","2,970","2,941","3,036","3,027","2,816","2,865","2,701","2,658","2,802","3,161"
금호2동,I20102,국/탕/찌개류,업종 음식 > 한식 > 국/탕/찌개류,서구,매출,"2,549","2,564","2,522","2,653","2,695","2,665","2,758","2,679","2,791","2,816","2,705","3,051","3,066"
금호2동,I20105,국수/칼국수,업종 음식 > 한식 > 국수/칼국수,서구,매출,"3,481","3,014","3,343","3,380","3,503","3,382","3,613","3,683","3,625","3,521","3,371","3,844","3,272"
금호2동,I20199,기타 한식 음식점,업종 음식 > 한식 > 기타 한식 음식점,서구,매출,"7,592","6,651","7,715","7,309","8,579","8,365","9,315","9,395","10,523","9,954","9,976","10,347","10,988"
금호2동,I20106,냉면/밀면,업종 음식 > 한식 > 냉면/밀면,서구,매출,"1,042","1,084","1,247","1,696","1,697","2,390","2,837","3,904","3,896","2,762","2,606","2,792","2,829"
금호2동,I20110,닭/오리고기 구이/찜,업종 음식 > 한식 > 닭/오리고기 구이/찜,서구,매출,"2,461","2,308","2,514","2,303","2,337","2,331","2,627","2,600","2,658","2,519","2,389","2,654","2,714"
금호2동,I20107,돼지고기 구이/찜,업종 음식 > 한식 > 돼지고기 구이/찜,분석영역,매출,"4,133","3,973","4,366","4,270","4,347","4,119","4,121","4,145","3,880","3,989","3,902","4,105","4,110"
금호2동,I20101,백반/한정식,업종 음식 > 한식 > 백반/한정식,금호2동,매출,"1,404","1,356","1,899","1,751","2,117","2,346","2,682","2,543","2,304","2,454","2,165","2,166","2,208"
금호2동,I20113,복 요리 전문,업종 음식 > 한식 > 복 요리 전문,서구,매출,"1,939","2,312","2,070","2,154","2,702","2,276","2,088","1,795","2,631","2,400","1,700","2,545","2,241"
금호2동,I20108,소고기 구이/찜,업종 음식 > 한식 > 소고기 구이/찜,분석영역,매출,"8,551","8,649","7,744","7,573","7,560","7,730","8,120","7,975","7,130","7,086","7,225","8,862","7,897"
금호2동,I20104,전/부침개,업종 음식 > 한식 > 전/부침개,서구,매출,"1,500","1,569","1,612","1,498","1,508","1,434","1,516","1,497","1,479","1,409","1,268","1,144","1,493"
금호2동,I20103,족발/보쌈,업종 음식 > 한식 > 족발/보쌈,서구,매출,"1,431","1,400","1,394","1,395","1,363","1,295","1,381","1,420","1,517","1,452","1,429","1,633","1,546"
금호2동,I20112,해산물 구이/찜,업종 음식 > 한식 > 해산물 구이/찜,서구,매출,"3,607","3,558","3,508","3,208","3,477","2,996","2,986","2,968","3,196","3,273","3,287","3,777","3,604"
금호2동,I20111,횟집,업종 음식 > 한식 > 횟집,분석영역,매출,"3,699","3,455","3,726","3,602","3,663","3,661","3,929","3,759","4,016","4,094","4,362","4,632","4,632"
금호2동,S20501,가전제품 수리업,업종 수리·개인 > 가전제품 수리 > 가전제품 수리업,서구,매출,"1,081",779,"1,054",977,826,885,947,537,571,477,615,578,621
금호2동,S20602,가죽/가방/신발 수선업,업종 수리·개인 > 기타 가정용품 수리 > 가죽/가방/신발 수선업,서구,매출,181,328,132,232,135,321,247,208,331,331,250,235,286
금호2동,S20699,그 외 기타 개인/가정용품 수리업,업종 수리·개인 > 기타 가정용품 수리 > 그 외 기타 개인/가정용품 수리업,서구,매출,"2,385","2,093","1,947","2,209","2,927","2,752","3,548","3,187","2,092","1,883","1,977","1,708","1,626"
금호2동,S20603,시계/귀금속/악기 수리업,업종 수리·개인 > 기타 가정용품 수리 > 시계/귀금속/악기 수리업,서구,매출,290,290,290,290,290,290,0,0,0,0,0,0,0
금호2동,S20601,의류/이불 수선업,업종 수리·개인 > 기타 가정용품 수리 > 의류/이불 수선업,서구,매출,257,251,207,260,281,312,276,248,248,240,252,285,231
금호2동,S21105,결혼 상담 서비스업,업종 수리·개인 > 기타 개인 > 결혼 상담 서비스업,서구,매출,"6,291","5,837","6,625","6,767","7,778","6,730","5,043","5,127","6,912","5,819","5,875","6,793","5,718"
금호2동,S21101,예식장업,업종 수리·개인 > 기타 개인 > 예식장업,서구,매출,"10,930","9,999","14,193","20,735","16,722","14,254","11,351","9,190","15,499","26,083","23,684","14,966","10,873"
금호2동,S20401,모터사이클 수리업,업종 수리·개인 > 모터사이클 수리 > 모터사이클 수리업,서구,매출,559,468,634,539,612,450,710,529,492,528,754,398,678
금호2동,S20901,세탁소,업종 수리·개인 > 세탁 > 세탁소,분석영역,매출,448,437,517,562,553,523,474,398,377,538,562,508,412
금호2동,S20902,셀프 빨래방,업종 수리·개인 > 세탁 > 셀프 빨래방,서구,매출,363,355,382,417,391,387,420,362,366,431,392,392,379
금호2동,S20802,마사지/안마,업종 수리·개인 > 욕탕·신체관리 > 마사지/안마,서구,매출,466,410,464,423,468,434,432,467,481,507,464,438,449
금호2동,S20801,목욕탕/사우나,업종 수리·개인 > 욕탕·신체관리 > 목욕탕/사우나,분석영역,매출,0,0,0,0,0,0,0,0,0,0,"4,432","4,428","4,602"
금호2동,S20803,체형/비만 관리,업종 수리·개인 > 욕탕·신체관리 > 체형/비만 관리,분석영역,매출,260,265,210,244,269,256,275,273,258,321,269,279,282
금호2동,S20703,네일숍,업종 수리·개인 > 이용·미용 > 네일숍,분석영역,매출,238,267,272,283,276,304,194,189,169,179,160,162,163
금호2동,S20701,미용실,업종 수리·개인 > 이용·미용 > 미용실,분석영역,매출,769,758,764,700,659,631,618,634,700,650,639,642,638
금호2동,S20702,피부 관리실,업종 수리·개인 > 이용·미용 > 피부 관리실,분석영역,매출,326,298,387,307,395,389,434,386,328,314,380,307,319
금호2동,S20302,자동차 세차장,업종 수리·개인 > 자동차 수리·세차 > 자동차 세차장,서구,매출,440,477,524,588,527,501,432,495,557,461,606,522,525
금호2동,S20301,자동차 정비소,업종 수리·개인 > 자동차 수리·세차 > 자동차 정비소,분석영역,매출,"2,234","2,076","2,265","2,256","2,257","2,264","2,244","2,492","2,244","2,371","2,395","2,414","2,338"
금호2동,S21001,장례식장,업종 수리·개인 > 장례식장 > 장례식장,서구,매출,"17,847","14,714","16,646","17,456","16,866","19,548","21,214","18,072","17,341","19,056","20,771","19,621","19,747"
금호2동,S20101,컴퓨터/노트북/프린터 수리업,업종 수리·개인 > 컴퓨터 수리 > 컴퓨터/노트북/프린터 수리업,서구,매출,363,290,473,279,565,293,461,415,315,430,370,382,358
금호2동,S20201,핸드폰/통신장비 수리업,업종 수리·개인 > 통신장비 수리 > 핸드폰/통신장비 수리업,서구,매출,"2,328","2,650","2,039","2,399","1,955","2,584","3,094","3,144","2,635","2,969","2,452","2,227","1,859"
금호2동,R10202,독서실/스터디 카페,업종 예술·스포츠 > 도서관·사적지 > 독서실/스터디 카페,분석영역,매출,334,319,327,402,316,316,327,296,313,313,263,330,374
금호2동,R10311,골프 연습장,업종 예술·스포츠 > 스포츠 서비스 > 골프 연습장,금호2동,매출,801,793,766,803,805,740,698,792,683,805,921,813,816
금호2동,R10314,기타 스포츠시설 운영업,업종 예술·스포츠 > 스포츠 서비스 > 기타 스포츠시설 운영업,분석영역,매출,0,0,0,0,552,717,"1,374",681,974,574,831,601,"1,077"
금호2동,R10310,당구장,업종 예술·스포츠 > 스포츠 서비스 > 당구장,분석영역,매출,161,172,170,156,166,163,174,162,163,170,171,162,181
금호2동,R10309,볼링장,업종 예술·스포츠 > 스포츠 서비스 > 볼링장,서구,매출,"3,149","3,252","3,123","3,018","3,007","3,009","3,095","2,797","3,128","2,355","2,422","1,848","2,441"
금호2동,R10308,수영장,업종 예술·스포츠 > 스포츠 서비스 > 수영장,서구,매출,"3,105","3,173","3,485","1,849","2,228","3,307","3,652","2,869","3,213","2,007","2,246","3,199","1,613"
금호2동,R10316,스쿼시/라켓볼장,업종 예술·스포츠 > 스포츠 서비스 > 스쿼시/라켓볼장,서구,매출,713,700,420,555,624,225,447,267,135,147,939,266,293
금호2동,R10306,종합 스포츠시설,업종 예술·스포츠 > 스포츠 서비스 > 종합 스포츠시설,서구,매출,"12,168","11,446","14,145","14,386","14,026","12,369","12,591","12,794","12,365","12,887","12,073","10,300","10,671"
금호2동,R10313,탁구장,업종 예술·스포츠 > 스포츠 서비스 > 탁구장,서구,매출,411,501,395,378,359,365,394,401,471,436,421,360,376
금호2동,R10312,테니스장,업종 예술·스포츠 > 스포츠 서비스 > 테니스장,서구,매출,311,"1,044",987,825,856,929,800,"1,003",811,928,"1,062",950,667
금호2동,R10307,헬스장,업종 예술·스포츠 > 스포츠 서비스 > 헬스장,금호2동,매출,"1,031",778,765,791,850,"1,000",971,874,845,"1,136","1,249","1,387","1,163"
금호2동,R10406,PC방,업종 예술·스포츠 > 유원지·오락 > PC방,금호2동,매출,"1,527","1,550","1,545","1,526","1,519","1,467","1,466","1,429","1,438","1,389","1,346","1,339","1,379"
금호2동,R10499,기타 오락관련 서비스업,업종 예술·스포츠 > 유원지·오락 > 기타 오락관련 서비스업,서구,매출,238,256,336,389,370,356,478,408,340,328,213,340,352
금호2동,R10405,기타 오락장,업종 예술·스포츠 > 유원지·오락 > 기타 오락장,서구,매출,"1,821","1,827","1,897","1,470","1,774","1,814","2,014","1,797","1,736","1,488","1,465","1,730","1,982"
금호2동,R10408,낚시터 운영업,업종 예술·스포츠 > 유원지·오락 > 낚시터 운영업,서구,매출,224,256,528,328,639,600,370,422,370,485,277,90,220
금호2동,R10407,노래방,업종 예술·스포츠 > 유원지·오락 > 노래방,분석영역,매출,399,409,415,381,383,417,370,335,353,394,417,567,532
금호2동,R10410,복권 발행/판매업,업종 예술·스포츠 > 유원지·오락 > 복권 발행/판매업,서구,매출,213,195,290,266,206,196,172,160,162,188,175,167,150
금호2동,R10409,수상/해양 레저업,업종 예술·스포츠 > 유원지·오락 > 수상/해양 레저업,서구,매출,"1,743","1,892","1,702",48,"1,042",988,"1,096","1,119","1,079",505,849,"1,483","1,445"
금호2동,R10404,전자 게임장,업종 예술·스포츠 > 유원지·오락 > 전자 게임장,서구,매출,"2,007","1,984","1,025","1,015","1,051","1,038","1,036",529,992,785,"1,021","1,024","1,063"
금호2동,P10701,교육컨설팅업,업종 교육 > 교육 지원 > 교육컨설팅업,서구,매출,525,568,722,688,670,549,535,494,824,585,543,373,701
금호2동,P10799,기타 교육지원 서비스업,업종 교육 > 교육 지원 > 기타 교육지원 서비스업,서구,매출,"1,427","1,424","1,424",0,"1,207","1,710",207,"1,146","1,809","1,660","1,650",160,108
금호2동,P10629,그 외 기타 교육기관,업종 교육 > 기타 교육 > 그 외 기타 교육기관,분석영역,매출,342,349,342,0,0,0,0,0,0,0,0,0,0
금호2동,P10625,기타 기술/직업 훈련학원,업종 교육 > 기타 교육 > 기타 기술/직업 훈련학원,서구,매출,517,592,545,626,606,599,633,747,675,645,721,701,662
금호2동,P10613,기타 예술/스포츠 교육기관,업종 교육 > 기타 교육 > 기타 예술/스포츠 교육기관,서구,매출,376,386,426,468,470,425,489,481,409,488,645,648,576
금호2동,P10605,레크리에이션 교육기관,업종 교육 > 기타 교육 > 레크리에이션 교육기관,분석영역,매출,261,225,261,277,283,322,307,348,276,280,282,367,356
금호2동,P10611,미술학원,업종 교육 > 기타 교육 > 미술학원,분석영역,매출,428,372,383,442,427,433,365,366,357,463,403,339,346
금호2동,P10619,사회교육시설,업종 교육 > 기타 교육 > 사회교육시설,서구,매출,"2,450","1,484","2,455","2,290","1,612","2,973","2,658","1,842","2,242","2,646","2,112","3,372","2,982"
금호2동,P10615,외국어학원,업종 교육 > 기타 교육 > 외국어학원,분석영역,매출,"1,587","1,865","1,828","1,749","1,924","2,044","1,787","2,050","1,902","1,950","1,944","1,799","1,626"
금호2동,P10603,요가/필라테스 학원,업종 교육 > 기타 교육 > 요가/필라테스 학원,금호2동,매출,717,832,669,800,849,748,781,745,796,861,755,686,628
금호2동,P10623,운전학원,업종 교육 > 기타 교육 > 운전학원,서구,매출,"5,620","5,586","3,686","3,025","3,719","4,034","4,770","4,477","3,435","3,358","4,599","4,097","4,428"
금호2동,P10609,음악학원,업종 교육 > 기타 교육 > 음악학원,서구,매출,301,325,355,323,327,340,348,345,333,408,390,414,404
금호2동,P10621,직원 훈련기관,업종 교육 > 기타 교육 > 직원 훈련기관,서구,매출,840,579,734,571,648,506,719,646,474,813,807,804,735
금호2동,P10627,컴퓨터 학원,업종 교육 > 기타 교육 > 컴퓨터 학원,서구,매출,399,357,243,231,324,356,403,264,281,261,338,356,469
금호2동,P10601,태권도/무술학원,업종 교육 > 기타 교육 > 태권도/무술학원,서구,매출,408,373,397,393,403,400,416,396,431,462,463,420,427
금호2동,P10501,입시·교과학원,업종 교육 > 일반 교육 > 입시·교과학원,분석영역,매출,838,"1,040","1,051",930,971,938,957,925,889,953,999,936,"1,020"
금호2동,L10203,부동산 중개/대리업,업종 부동산 > 부동산 서비스 > 부동산 중개/대리업,서구,매출,546,483,443,318,330,502,455,403,423,503,412,509,485
금호2동,I10201,기숙사/고시원,업종 숙박 > 기타 숙박 > 기숙사/고시원,서구,매출,277,210,207,331,116,58,128,186,128,128,128,128,128
금호2동,I10102,여관/모텔,업종 숙박 > 일반 숙박 > 여관/모텔,서구,매출,"1,567","1,449","1,554","1,549","1,710","1,582","1,749","1,784","1,847","1,678","1,446","1,465","1,753"
금호2동,I10103,펜션,업종 숙박 > 일반 숙박 > 펜션,서구,매출,84,46,46,46,46,46,46,46,46,0,59,59,59
금호2동,I10101,호텔/리조트,업종 숙박 > 일반 숙박 > 호텔/리조트,서구,매출,"8,632","12,162","13,765","9,997","10,923","9,719","6,986","10,733","9,549","11,055","10,283","8,933","10,111"
금호2동,M10501,광고 대행업,업종 과학·기술 > 광고 > 광고 대행업,서구,매출,"1,807","1,834","1,317","1,981","1,932","2,209","2,319","2,375","2,328","2,399","1,088","1,256","1,463"
금호2동,M10504,광고물 설계/제작업,업종 과학·기술 > 광고 > 광고물 설계/제작업,서구,매출,717,568,493,562,568,697,387,326,520,398,363,752,378
금호2동,M10502,옥외/전시 광고 대행업,업종 과학·기술 > 광고 > 옥외/전시 광고 대행업,서구,매출,"2,894","1,613",690,"3,774","1,984","2,234","1,592","1,553","1,439","1,432","1,260","2,178","2,034"
금호2동,M10999,기타 엔지니어링 서비스업,업종 과학·기술 > 기술 서비스 > 기타 엔지니어링 서비스업,서구,매출,"15,272","6,638","1,796","1,599","1,122","1,202","2,206","1,332","1,308",604,"1,606","1,648","4,992"
금호2동,M11502,번역/통역 서비스업,업종 과학·기술 > 기타 전문 과학 > 번역/통역 서비스업,서구,매출,319,206,359,238,226,236,388,271,341,437,501,393,323
금호2동,M10303,법무사,업종 과학·기술 > 법무관련 > 법무사,서구,매출,774,511,898,891,744,"1,131",864,667,841,828,767,754,639
금호2동,M10301,변호사,업종 과학·기술 > 법무관련 > 변호사,분석영역,매출,0,0,0,0,"2,154","2,178","1,874","1,929","1,749","2,239","1,966","1,774","2,120"
금호2동,M10703,경영 컨설팅업,업종 과학·기술 > 본사·경영 컨설팅 > 경영 컨설팅업,서구,매출,"1,249","1,207","1,460","1,204","1,040","1,315","1,208","1,211","1,164","1,229","1,358","2,057","3,108"
금호2동,M11301,사진촬영업,업종 과학·기술 > 사진 촬영 > 사진촬영업,금호2동,매출,0,0,0,0,0,0,0,100,258,329,528,559,295
금호2동,M11101,동물병원,업종 과학·기술 > 수의 > 동물병원,서구,매출,"6,865","6,773","6,897","7,040","7,103","7,541","6,980","7,181","6,810","6,591","6,748","6,485","6,407"
금호2동,M11401,명함/간판/광고물 제작,업종 과학·기술 > 인쇄·제품제작 > 명함/간판/광고물 제작,서구,매출,633,703,603,851,682,778,894,"1,052",715,981,"1,243",714,873
금호2동,M11203,시각 디자인업,업종 과학·기술 > 전문 디자인 > 시각 디자인업,서구,매출,899,145,270,163,242,312,202,226,457,139,349,420,125
금호2동,M11201,인테리어 디자인업,업종 과학·기술 > 전문 디자인 > 인테리어 디자인업,서구,매출,"1,926","1,285","1,123","1,193","2,015","1,936","2,202","2,699","2,634","2,198","2,715","2,155","1,561"
금호2동,M11204,패션/섬유/기타 전문 디자인업,업종 과학·기술 > 전문 디자인 > 패션/섬유/기타 전문 디자인업,서구,매출,499,499,390,226,184,92,146,590,0,0,0,0,0
금호2동,M10401,공인회계사,업종 과학·기술 > 회계·세무 > 공인회계사,서구,매출,"1,110",722,"1,559","1,682","1,668","1,758","1,540","1,343",888,"1,041",872,619,799
금호2동,M10402,세무사,업종 과학·기술 > 회계·세무 > 세무사,서구,매출,921,"1,063","1,097",978,"1,187","1,021","1,166","1,068","1,192","1,029","1,268","1,146","1,012"
금호2동,Q10402,유사 의료업,업종 보건의료 > 기타 보건 > 유사 의료업,분석영역,매출,331,277,355,307,312,362,461,444,445,473,550,511,418
금호2동,Q10105,요양병원,업종 보건의료 > 병원 > 요양병원,서구,매출,"14,953","16,197","16,041","16,130","12,967","16,318","16,918","17,312","17,513","17,724","15,226","16,179","16,572"
금호2동,Q10102,일반병원,업종 보건의료 > 병원 > 일반병원,분석영역,매출,"35,852","33,961","32,376","33,488","33,571","34,204","35,303","36,649","35,256","35,384","37,000","37,675","37,139"
금호2동,Q10101,종합병원,업종 보건의료 > 병원 > 종합병원,서구,매출,"103,199","90,712","101,147","103,189","95,898","99,749","107,572","112,121","105,959","106,856","110,347","107,712","109,614"
금호2동,Q10103,치과병원,업종 보건의료 > 병원 > 치과병원,서구,매출,"28,835","24,001","24,436","24,411","25,117","25,265","25,045","25,456","22,260","23,859","24,634","24,719","21,922"
금호2동,Q10104,한방병원,업종 보건의료 > 병원 > 한방병원,서구,매출,"20,345","19,875","19,772","19,609","15,552","16,218","17,201","18,786","17,300","16,759","16,249","17,574","17,906"
금호2동,Q10209,기타 의원,업종 보건의료 > 의원 > 기타 의원,분석영역,매출,"4,296","4,211","4,298","4,182","4,348","4,131","4,321","4,459","4,521","4,862","4,794","4,938","4,752"
금호2동,Q10201,내과/소아과 의원,업종 보건의료 > 의원 > 내과/소아과 의원,서구,매출,"6,426","6,235","6,492","6,170","6,335","6,028","5,916","6,410","5,869","6,395","6,895","6,568","7,512"
금호2동,Q10212,방사선 진단/병리 검사 의원,업종 보건의료 > 의원 > 방사선 진단/병리 검사 의원,서구,매출,"68,097","104,539","186,647","128,890","124,469","121,201","165,753","177,241","137,468","187,821","180,837","190,151","118,011"
금호2동,Q10207,산부인과 의원,업종 보건의료 > 의원 > 산부인과 의원,서구,매출,"7,075","6,797","7,131","7,148","7,135","6,962","7,179","7,022","6,961","7,348","7,335","7,396","7,493"
금호2동,Q10208,성형외과 의원,업종 보건의료 > 의원 > 성형외과 의원,서구,매출,"8,407","8,458","7,808","7,231","7,329","6,698","7,268","7,466","7,448","7,639","7,934","8,176","9,138"
금호2동,Q10203,신경/정신과 의원,업종 보건의료 > 의원 > 신경/정신과 의원,서구,매출,"2,332","2,101","2,454","2,440","2,585","2,359","2,663","2,498","2,365","2,633","2,479","2,533","2,227"
금호2동,Q10205,안과 의원,업종 보건의료 > 의원 > 안과 의원,서구,매출,"36,793","37,099","37,744","38,393","38,776","37,660","37,264","38,048","36,372","43,873","44,883","44,452","46,308"
금호2동,Q10202,외과 의원,업종 보건의료 > 의원 > 외과 의원,서구,매출,"8,663","8,707","8,283","8,806","8,881","9,651","10,192","10,729","10,580","10,310","10,594","11,228","10,580"
금호2동,Q10206,이비인후과 의원,업종 보건의료 > 의원 > 이비인후과 의원,서구,매출,"4,164","3,388","3,343","2,950","2,596","2,111","2,498","3,143","2,359","2,858","3,044","3,757","4,046"
금호2동,Q10210,치과의원,업종 보건의료 > 의원 > 치과의원,서구,매출,"7,703","7,858","8,033","8,094","8,236","8,061","8,441","8,520","8,082","8,676","8,705","8,661","8,228"
금호2동,Q10204,피부/비뇨기과 의원,업종 보건의료 > 의원 > 피부/비뇨기과 의원,서구,매출,"14,616","14,147","14,476","14,596","14,006","13,533","14,456","14,362","13,967","14,792","14,651","15,067","15,142"
금호2동,Q10211,한의원,업종 보건의료 > 의원 > 한의원,서구,매출,"3,395","3,464","3,479","3,751","3,705","3,029","3,709","3,511","3,352","3,549","3,378","3,231","3,133"
금호2동,N11099,기타 개인/가정용품 대여업,업종 시설관리·임대 > 가정용품 대여 > 기타 개인/가정용품 대여업,서구,매출,915,"1,274","2,162","1,230","1,450",471,773,835,894,906,789,"1,001",993
금호2동,N11003,만화방,업종 시설관리·임대 > 가정용품 대여 > 만화방,서구,매출,493,534,779,823,555,978,"1,053",652,670,868,582,689,736
금호2동,N11004,의류 대여업,업종 시설관리·임대 > 가정용품 대여 > 의류 대여업,서구,매출,"1,473","1,106",964,"1,150","1,351","1,477","1,120","1,448",954,"1,018",945,"1,413","1,115"
금호2동,N10401,고용 알선업,업종 시설관리·임대 > 고용 알선 > 고용 알선업,서구,매출,"3,092","5,163","8,987","5,510","8,909","4,290","4,316","7,033","7,388","9,494","7,787","11,131","12,079"
금호2동,N10802,전시/컨벤션/행사 대행 서비스업,업종 시설관리·임대 > 기타 사업 서비스 > 전시/컨벤션/행사 대행 서비스업,서구,매출,530,558,543,432,562,686,723,701,934,863,804,"3,505","3,076"
금호2동,N10799,기타 사무 지원 서비스업,업종 시설관리·임대 > 사무 지원 > 기타 사무 지원 서비스업,서구,매출,"1,828","3,616","1,140","3,627","4,323","4,018",325,"3,744","3,661","3,604","4,272","4,329","4,319"
금호2동,N10703,복사업,업종 시설관리·임대 > 사무 지원 > 복사업,서구,매출,862,"1,005",971,"1,141",747,934,843,902,872,802,861,799,469
금호2동,N11101,건설기계/장비 대여업,업종 시설관리·임대 > 산업용품 대여 > 건설기계/장비 대여업,서구,매출,92,46,0,127,509,509,42,42,64,28,92,74,0
금호2동,N11199,기타 산업용 기계/장비 대여업,업종 시설관리·임대 > 산업용품 대여 > 기타 산업용 기계/장비 대여업,서구,매출,519,465,429,211,420,289,285,367,362,564,516,486,320
금호2동,N11102,컴퓨터/사무기기 대여업,업종 시설관리·임대 > 산업용품 대여 > 컴퓨터/사무기기 대여업,서구,매출,827,763,659,691,769,428,456,560,447,705,750,810,416
금호2동,N10101,사업시설 유지·관리 서비스업,업종 시설관리·임대 > 시설관리 > 사업시설 유지·관리 서비스업,서구,매출,"1,568","1,571","1,564","2,363","2,431","2,444","2,480","2,638","2,453","2,440","2,190","2,203","2,096"
금호2동,N10599,기타 여행 보조/예약 서비스업,업종 시설관리·임대 > 여행사·보조 > 기타 여행 보조/예약 서비스업,서구,매출,0,0,0,0,390,58,58,58,58,58,58,58,58
금호2동,N10501,여행사,업종 시설관리·임대 > 여행사·보조 > 기타 여행 보조/예약 서비스업,서구,매출,0,0,0,0,390,58,58,58,58,58,58,58,58
금호2동,N10999,기타 운송장비 대여업,업종 시설관리·임대 > 운송장비 대여 > 기타 운송장비 대여업,서구,매출,392,411,326,194,819,33,31,384,57,102,122,83,76
금호2동,N10901,자동차 대여업,업종 시설관리·임대 > 운송장비 대여 > 자동차 대여업,서구,매출,"1,658","1,416","1,518","1,603","2,022","1,704","1,173","1,408","1,175","1,396","1,569","1,655","1,271"
금호2동,N10201,건축물 일반 청소업,업종 시설관리·임대 > 청소·방제 > 건축물 일반 청소업,서구,매출,643,942,758,579,613,896,779,780,587,542,672,727,790
금호2동,N10202,"산업설비, 운송장비 및 공공장소 청소업","업종 시설관리·임대 > 청소·방제 > 산업설비, 운송장비 및 공공장소 청소업",서구,매출,236,181,337,164,171,191,79,191,234,194,247,346,546
금호2동,N10203,"소독, 구충 및 방제 서비스업","업종 시설관리·임대 > 청소·방제 > 소독, 구충 및 방제 서비스업",서구,매출,183,444,111,69,161,67,100,118,21,37,144,30,21
